file,emotion,dur,F1,F2,F3,F4,F5,F6,Mean_F0,F0_start,F0_end,Max_F0,Perc_Time_Max_F0,Min_F0,F0_abs_slope,F0_Var,Q25,Q50,Q75,Fpeak,AM_var,AM_rate,AM_extent,harmonicity,Formant_dispersal,Vocal_tract_length,Mean_wiener_entropy
ut_anger_05-f-grunt-with-effort,anger,0.431,852.852,2879.062,3929.44,5080.814,6583.018,7721.008,392.049,424.36,417.68,469.689,50.412,217.327,1991.532,1189.404,755.717,1001.044,1709.285,937.753,87.178,12.754,6.835,3.9,1055.535,16.579,-1.777
ut_anger_06-f-roar,anger,0.717,923.503,1364.388,2038.329,3263.469,3689.208,5272.667,349.739,342.92,325.3,370.664,39.208,325.298,303.998,137.418,1294.811,1770.46,2758.55,1302.077,92.18,14.645,6.294,1.53,912.635,19.175,-1.955
ut_anger_09-f-scream,anger,0.865,1142.544,2228.154,3123.536,5047.415,5510.108,6062.918,196.3,194.58,233.61,233.612,53.698,175.014,345.535,0.539,2262.5,3035.636,3935.103,3082.379,101.965,12.711,8.022,3.55,967.648,18.085,-2.101
ut_anger_13-m-roar-scream,anger,3.838,681.372,1458.124,1819.565,2269.869,3679.023,4071.181,287.222,469.17,307.4,469.174,0.807,79.986,307.965,255.95,1125.755,1628.634,2175.877,1565.948,106.436,18.109,5.878,1.42,802.795,21.799,-2.400
ut_anger_21-m-roar-growl,anger,2.583,696.403,1118.266,2591.569,3341.172,5164.82,6131.829,280.491,263.16,160.22,371.126,48.886,160.223,495.356,453.182,546.785,775.747,1130.053,729.608,117.657,14.908,7.892,6.52,1002.779,17.451,-1.243
ut_anger_23-f-roar-scream,anger,1.253,1089.335,1498.375,1971.64,2604.437,4017.027,5034.332,314.964,83.86,199.84,443.165,49.126,83.859,855.932,388.702,1339.049,1779.475,2419.539,1130.695,75.141,17.163,4.378,0.68,738.609,23.693,-3.051
ut_anger_23-m-roar,anger,1.258,874.386,1686.295,2171.086,2743.471,3786.782,4295.568,367.105,351.29,324.03,420.266,14.721,324.029,165.203,130.025,984.48,1468.936,1916.704,1574.429,63.242,21.868,2.892,0.09,746.969,23.428,-1.685
ut_anger_24-f-roar-curse,anger,1.464,1097.592,1800.476,2511.662,3485.157,4850.743,5997.697,265.281,254.83,444.9,450.532,92.555,107.458,793.893,717.407,1005.498,1249.479,2013.307,1045.038,87.463,20.144,4.342,2.41,817.937,21.395,-2.337
ut_anger_25-m-roar-curse,anger,1.664,841.116,1264.775,2394.555,3378.36,5340.722,6340.487,265.835,194.17,455.36,455.356,87.971,96.338,694.56,589.844,881.18,1173.814,1732.371,791.862,57.118,19.827,2.881,0.35,751.923,23.274,-2.114
ut_anger_28-f-scream-curse,anger,0.419,1036.144,1422.505,1955.619,3905.409,5905.762,7935.359,348.31,409.44,100.08,464.987,44.146,100.08,1854.763,605.911,1218.971,1661.449,2279.309,1163.596,152.609,13.113,11.638,3.3,785.895,22.268,-3.048
ut_anger_29-f-scream,anger,0.847,1297.42,2443.588,4789.002,6263.391,6900.293,7434.959,428.294,106.07,419.18,492.993,43.866,106.067,968.778,505.006,2346.774,2794.654,4905.686,2465.912,126.788,12.402,10.223,10.61,650.293,26.911,-4.055
ut_anger_30-m-roar-curse,anger,0.775,980.888,1571.05,1801.4,2488.152,3733.204,4639.652,245.225,196.41,318.33,319.609,60.061,196.414,347.974,99.776,1266.621,1722.351,2394.019,1605.556,77.298,10.965,7.049,-0.18,802.785,21.799,-1.604
ut_anger_36-f-roar-curse,anger,6.301,1005.838,1265.892,2021.096,2695.191,3313.348,4196.517,203.146,286.69,288.98,428.731,55.318,85.986,566.436,544.095,1102.148,1399.875,2554.05,1101.174,117.636,15.236,7.721,6.35,845.102,20.708,-3.474
ut_anger_38-c-roar,anger,0.59,663.165,1164.025,1951.194,3290.133,4663.859,5371.494,306.154,294.3,380.03,416.064,90.637,119.779,1003.243,945.897,545.613,807.838,1176.689,621.924,83.501,16.94,4.929,1.59,1121.665,15.602,-1.432
ut_anger_41-f-scream-angry-sad-tantrum,anger,1.034,1120.833,1842.794,2477.859,3444.794,5092.326,6251.389,327.546,332.39,238.35,455.52,17.645,233.036,796.546,689.023,1141.463,1506.78,2054.348,1164.609,85.05,17.884,4.756,6.09,786.761,22.243,-4.145
ut_anger_47-f-scream-tantrum,anger,1.847,1482.431,1939.667,2657.621,4496.167,11436.519,13349.952,361.685,365.62,234.83,485.883,66.53,182.833,968.143,903.041,1443.195,1720.517,2381.152,1534.746,53.311,18.952,2.813,2.97,691.813,25.296,-2.533
ut_anger_49-f-scream-tantrum,anger,1.451,902.001,1307.748,2036.103,2917.249,4101.539,5394.024,225.507,135.97,303.98,442.543,9.499,88.812,843.34,789.182,1162.358,1486.161,3246.612,1257.836,50.209,21.022,2.388,7.29,879.411,19.9,-3.199
ut_anger_51-m-scream-tantrum,anger,0.851,906.044,1286.771,1962.303,2577.345,3287.58,4301.517,323.115,381.8,422.6,469.525,12.525,116.966,1163.748,823.478,1101.856,1695.081,2550.222,1242.493,66.815,19.388,3.446,1.04,886.296,19.745,-1.988
ut_anger_54-m-roar,anger,0.792,565.914,1437.199,2908.076,4327.364,6020.129,7068.646,361.399,245.26,372.8,403.726,29.005,245.258,414.918,248.732,388.591,628.937,955.23,382.055,81.318,12.625,6.441,6.0,1100.202,15.906,-1.512
ut_anger_55-m-roar-with-effort,anger,1.025,532.312,1138.6,1848.53,2923.105,3653.441,6039.156,285.215,260.95,200.1,424.563,59.976,200.098,683.161,278.637,482.352,807.382,1577.583,536.826,56.754,19.992,2.839,2.39,990.256,17.672,-1.174
ut_anger_58-m-roar,anger,0.593,776.987,1282.549,2561.168,2989.218,3757.008,5281.227,266.263,311.14,358.12,358.116,97.22,207.28,571.774,492.478,796.728,1145.836,1521.922,1243.314,78.684,14.335,5.489,2.66,903.227,19.375,-1.655
ut_anger_59-m-roar,anger,0.996,976.311,1330.814,1853.15,2648.334,4551.45,5118.502,247.739,436.07,201.68,436.097,13.364,106.846,1262.225,350.94,1256.879,2033.399,4255.671,1221.521,83.797,16.068,5.215,-0.63,856.035,20.443,-1.918
ut_anger_61-m-roar-curse,anger,0.858,776.435,1223.029,2599.52,3187.721,4299.995,5496.334,215.034,274.81,166.7,446.28,64.772,86.075,1585.387,1218.228,810.996,1088.259,1342.7,1263.663,93.656,18.064,5.185,1.89,860.504,20.337,-2.432
ut_anger_62-m-growl,anger,0.576,540.455,1532.576,2804.362,3922.171,5640.082,6141.606,167.629,167.64,167.62,167.637,36.106,167.621,1.944,0.0,515.414,2047.396,6347.024,354.715,108.401,13.025,8.322,7.51,1152.552,15.184,-2.820
ut_anger_64-m-roar-overdrive,anger,0.95,779.088,1473.292,2865.479,4172.141,5212.116,6065.487,234.796,371.7,139.69,376.862,7.17,139.694,538.257,251.325,906.22,1701.226,5228.622,817.296,80.054,15.786,5.071,3.21,1045.818,16.733,-2.255
ut_disgust_03,disgust,1.535,488.706,1224.804,2578.473,3458.447,4174.223,5899.363,125.593,149.47,103.52,155.837,11.706,101.395,55.287,46.517,450.615,556.928,1010.657,463.687,62.943,9.772,6.441,18.61,1070.065,16.354,-1.625
ut_disgust_04,disgust,0.65,580.775,2496.05,3479.421,4457.558,5440.453,6840.387,157.029,117.52,130.62,180.153,67.303,117.524,253.838,197.288,295.802,576.664,974.0,160.386,119.168,10.006,11.91,2.94,896.587,19.518,-0.973
ut_disgust_10-1,disgust,0.586,690.151,1082.355,3061.841,3972.734,5032.107,5726.503,306.222,274.34,254.65,358.481,28.875,254.648,361.493,313.976,674.275,863.308,1201.945,694.096,64.3,12.801,5.023,5.75,1100.782,15.898,-1.859
ut_disgust_10-2,disgust,0.529,592.374,1560.034,1769.093,3355.091,3767.698,4544.259,321.71,349.84,271.39,349.843,27.31,271.385,272.422,57.632,1877.849,3639.247,5311.722,4525.666,142.483,9.454,15.071,7.62,1105.966,15.823,-2.086
ut_disgust_12,disgust,1.652,545.266,1209.885,2228.061,2750.572,4689.721,6406.596,95.991,93.55,89.3,274.227,83.103,77.207,293.634,129.739,498.431,945.527,3774.999,545.106,131.312,17.254,7.611,1.86,1202.768,14.55,-2.214
ut_disgust_16-f,disgust,0.73,831.417,1996.737,3648.502,4544.274,8086.363,8790.028,288.55,121.01,451.82,459.837,68.667,96.494,923.942,868.118,800.897,1205.183,2644.355,918.545,99.785,16.437,6.071,6.2,1263.233,13.853,-2.113
ut_disgust_17-f,disgust,1.111,698.922,1843.315,3475.902,4324.554,6156.981,7673.44,288.116,121.32,314.79,443.872,54.362,100.502,1022.592,902.595,1538.111,2232.194,3478.051,1813.699,99.094,12.148,8.157,4.23,1141.201,15.335,-1.732
ut_disgust_18-f,disgust,0.645,458.364,1287.949,3365.606,4341.027,5212.596,6041.769,387.732,411.72,101.08,455.974,35.894,101.085,767.579,374.68,427.444,581.181,1331.387,426.636,108.167,9.296,11.636,13.97,1090.573,16.047,-2.017
ut_disgust_19-f-scream,disgust,0.625,613.503,1340.666,1669.7,3109.476,6096.123,7117.808,306.159,440.56,365.7,477.528,77.905,184.81,1196.685,1035.001,715.272,1226.09,1600.945,1439.887,106.955,15.206,7.034,5.52,858.172,20.392,-2.776
ut_disgust_21-f-roar,disgust,0.607,878.571,1791.94,3638.337,4795.119,6219.591,7652.137,195.419,306.65,468.34,468.342,64.494,118.24,1495.755,814.118,873.907,1450.748,2340.654,930.145,91.737,13.999,6.553,1.55,835.866,20.936,-1.430
ut_disgust_24-f,disgust,1.038,485.985,1249.041,3106.243,4147.442,6167.297,7625.804,233.646,289.54,203.95,289.545,2.974,199.317,107.689,93.091,468.178,619.409,1313.422,498.82,102.308,9.155,11.176,13.75,1246.754,14.036,-1.750
ut_disgust_27-f,disgust,0.505,609.47,1195.788,3190.403,3600.925,4273.513,6444.114,205.33,303.78,179.91,303.784,14.341,177.451,404.934,263.315,579.986,827.465,1306.201,585.567,161.918,8.915,18.163,7.59,1129.913,15.488,-0.907
ut_disgust_30-f,disgust,0.67,746.799,1099.089,3208.7,4096.402,5364.171,6811.713,217.45,125.05,108.01,290.019,19.302,108.013,570.464,517.389,696.944,885.544,1163.654,809.931,95.447,12.691,7.521,9.73,1181.515,14.811,-1.198
ut_disgust_34-f,disgust,0.591,880.93,1410.48,3511.886,4509.851,5418.929,5698.605,332.389,257.43,134.9,437.952,43.032,134.895,888.909,790.464,915.401,1261.85,1815.472,864.979,97.652,16.916,5.773,8.62,1212.978,14.427,-2.165
ut_disgust_35-m,disgust,0.638,594.457,957.388,2206.707,3094.841,5785.376,6309.654,154.582,168.17,111.87,178.222,17.778,111.871,160.13,109.744,474.939,687.975,945.638,896.245,94.641,11.748,8.056,7.37,925.506,18.909,-0.880
ut_disgust_37-f,disgust,0.794,529.036,1217.848,2427.169,3832.235,4652.739,7105.227,286.694,257.43,95.25,352.514,33.26,95.247,500.491,324.632,429.122,698.842,1500.156,341.009,88.795,13.216,6.719,9.32,1059.047,16.524,-1.379
ut_disgust_39-c,disgust,0.443,779.19,1857.934,3323.972,5056.504,5432.462,7075.03,342.956,191.16,418.97,420.435,72.156,184.638,923.293,525.165,773.351,1094.847,2950.625,791.848,236.769,13.548,17.476,5.77,1150.744,15.208,-2.851
ut_disgust_41-c,disgust,0.54,750.968,1306.158,2954.485,3865.055,4753.117,6040.302,332.955,315.01,295.56,358.886,48.926,295.556,273.33,185.056,788.358,1077.616,1525.764,714.262,97.18,12.048,8.066,10.32,843.149,20.756,-1.806
ut_disgust_42-c_weird-tone-lemon,disgust,2.128,1000.057,3084.176,3708.675,5529.829,6465.985,7364.152,342.808,450.61,386.42,450.614,0.751,224.877,435.038,418.072,827.556,1004.135,1151.94,1006.271,87.848,19.032,4.616,13.74,1034.593,16.915,-1.762
ut_disgust_44-m-toilet,disgust,0.696,526.586,1209.151,2510.191,3707.364,4030.343,4576.544,135.255,152.87,118.94,152.872,14.933,118.939,117.823,33.819,420.594,728.323,1520.635,442.532,116.197,12.216,9.512,2.2,1049.163,16.68,-1.047
ut_disgust_45-m-toilet,disgust,2.571,609.815,1001.957,2201.275,3723.818,5603.199,6119.139,163.456,164.98,294.02,294.02,89.99,117.684,146.704,71.156,567.805,740.015,1141.204,557.896,138.959,14.199,9.787,4.65,1069.891,16.357,-0.873
ut_disgust_46-m-toilet,disgust,1.215,563.686,1055.653,2638.1,3710.434,4607.25,5584.68,172.281,167.56,138.01,187.303,38.684,138.006,108.352,50.699,385.037,603.201,1102.796,531.912,120.232,11.932,10.076,7.27,1074.807,16.282,-0.798
ut_disgust_51-m-toilet,disgust,0.604,645.916,1060.967,2793.54,4403.421,5211.926,5884.328,149.09,282.89,101.77,282.888,7.596,101.768,816.537,339.916,612.152,737.966,1052.851,639.223,107.382,12.423,8.644,2.18,1088.713,16.074,-1.066
ut_disgust_52-m-toilet,disgust,1.42,612.29,1506.493,2707.094,3573.093,4920.581,7606.926,139.333,152.81,98.44,174.794,71.147,98.439,236.202,170.184,526.79,811.931,1804.514,636.296,153.998,8.098,19.017,0.9,1107.908,15.796,-1.375
ut_disgust_54-m-toilet,disgust,0.653,492.576,938.064,2874.044,3790.12,4904.565,5717.752,187.606,122.6,214.17,236.882,49.005,122.6,236.494,214.183,465.602,600.332,1048.19,470.491,75.783,9.182,8.254,14.38,1180.908,14.819,-1.603
ut_effort-m-10-toilet,effort,0.628,661.442,1868.902,2880.881,3732.743,4785.524,6289.409,351.75,355.55,348.01,355.545,13.685,348.014,235.358,0.0,702.209,1803.62,2636.155,1948.895,118.053,15.131,7.802,0.86,1121.518,15.604,-1.676
ut_effort-m-11-sports,effort,0.448,1235.898,2294.597,2944.802,4166.367,5325.008,6359.751,185.683,185.94,186.8,188.437,35.566,183.05,80.88,17.405,236.553,1078.156,2343.317,182.079,195.261,5.575,35.025,1.51,904.052,19.357,-1.184
ut_effort-m-13-sports,effort,0.589,458.637,1077.202,1808.832,2506.721,4533.025,5585.741,263.326,393.7,146.43,405.068,11.636,146.429,1709.783,1009.962,403.542,651.455,1374.073,364.059,104.86,11.043,9.495,1.67,893.407,19.588,-1.120
ut_effort-m-15-sports,effort,0.827,627.363,1156.793,2310.601,3358.486,5002.097,6476.267,239.972,187.54,308.08,310.193,69.996,185.741,642.576,342.058,558.409,853.116,1205.913,575.919,103.925,14.507,7.164,2.13,869.121,20.135,-1.472
ut_effort-m-16-sports,effort,0.622,595.257,1146.627,1812.273,2669.479,3549.34,4002.847,262.323,358.19,197.58,360.104,16.267,195.314,945.353,387.269,558.0,835.376,1890.468,547.987,133.604,15.268,8.75,1.98,1139.027,15.364,-1.301
ut_effort-m-18-sports,effort,0.697,737.624,1399.642,2137.53,3537.964,4331.532,5646.659,335.606,318.32,254.11,378.234,58.11,254.111,298.019,229.623,1125.887,1500.55,2012.153,1433.931,103.046,11.483,8.974,8.47,663.316,26.383,-1.681
ut_effort-m-21-sports-roar,effort,1.749,725.917,1247.195,2094.865,3820.424,5172.73,6348.453,265.28,388.65,347.66,388.646,13.17,96.622,929.884,507.322,686.905,975.582,1353.026,719.262,89.191,15.155,5.885,2.81,680.36,25.722,-1.499
ut_effort-m-22-sports,effort,0.627,509.569,1255.424,2069.78,3148.866,4140.586,5160.083,409.834,402.27,472.85,472.847,65.947,367.466,601.167,59.605,487.099,911.789,1342.532,1248.336,110.718,8.771,12.623,2.89,873.657,20.031,-1.427
ut_effort-m-24-sports-wheeze,effort,1.945,665.11,1380.734,1924.855,2184.872,3900.655,5537.279,177.202,166.59,111.19,336.31,51.772,85.151,367.555,276.243,656.053,1035.698,1590.962,654.173,94.272,15.424,6.112,3.73,754.047,23.208,-1.648
ut_effort_04,effort,0.998,748.16,1634.544,2405.311,5179.296,7990.25,9469.249,226.662,141.15,173.71,440.565,57.812,85.394,1580.066,1024.948,678.154,844.249,1164.775,851.114,83.928,19.538,4.296,3.15,895.563,19.541,-1.845
ut_effort_13,effort,0.895,680.584,2236.182,5095.003,7417.283,8615.86,9373.917,222.172,140.89,304.64,320.549,44.191,96.653,780.292,721.119,597.468,868.815,1257.367,673.881,61.803,18.437,3.352,1.36,790.099,22.149,-1.237
ut_effort_20,effort,0.918,911.698,1395.576,2624.502,5344.428,7568.537,9110.405,346.051,166.37,466.83,468.443,50.985,119.998,791.853,704.318,910.719,1158.327,1441.968,915.353,92.293,19.066,4.841,3.59,870.75,20.098,-2.211
ut_effort_24,effort,1.0,709.561,1368.875,2418.453,3232.919,4585.646,5006.767,229.449,167.39,137.0,274.974,13.368,137.001,382.113,250.126,700.18,1061.993,1595.912,672.71,75.968,16.0,4.748,2.88,889.243,19.68,-1.635
ut_effort_26,effort,0.642,701.099,1374.504,3485.358,4973.399,5779.184,6428.208,247.915,326.78,105.65,351.814,18.05,99.393,711.785,672.787,739.082,1202.961,1515.244,683.934,99.855,14.797,6.748,6.5,1146.517,15.264,-1.929
ut_effort_f_01,effort,1.902,1112.12,1559.455,1942.45,2543.455,3053.844,3728.375,269.648,428.13,368.96,428.132,7.108,112.532,713.363,440.632,1325.756,1669.973,2224.737,1581.253,77.446,18.923,4.093,1.14,735.929,23.779,-3.392
ut_effort_f_03,effort,0.783,824.379,1428.899,2488.525,3336.225,4216.246,5127.047,380.876,411.2,421.16,423.3,59.438,292.493,544.157,332.453,1706.717,2701.124,4369.753,2559.595,89.642,11.497,7.797,2.66,1010.286,17.322,-1.752
ut_effort_f_06,effort,0.842,382.199,1582.045,2437.06,3110.553,3600.533,4418.344,289.462,221.37,294.84,329.881,29.591,221.372,598.145,126.229,342.896,1159.026,3114.822,310.025,78.74,20.776,3.79,1.96,1102.446,15.874,-1.816
ut_effort_f_08-mild,effort,1.039,336.036,1144.65,1934.899,2360.759,3730.084,4578.388,301.371,312.82,304.99,313.728,24.82,282.32,86.617,32.408,317.322,719.832,2983.409,299.697,104.29,15.882,6.567,1.99,995.715,17.575,-1.510
ut_effort_f_09,effort,0.531,688.805,1383.363,2964.324,4186.441,5179.822,6185.902,318.413,343.15,301.14,343.154,13.073,301.144,214.336,57.254,641.869,1086.004,2755.012,656.745,172.701,6.594,26.19,1.93,1142.098,15.323,-1.896
ut_effort_f_11,effort,0.764,754.592,1177.324,2657.128,3933.927,5264.833,6096.535,308.348,318.43,206.22,378.413,24.209,206.225,515.845,300.888,713.525,965.289,1345.321,753.784,114.353,13.74,8.322,0.75,959.378,18.241,-1.081
ut_effort_f_14-quiet-grunt,effort,0.732,1136.798,1971.163,2520.54,3641.093,4671.702,5590.317,186.951,284.26,81.99,284.265,10.637,81.987,328.372,246.797,365.128,944.052,1994.075,285.032,94.836,17.085,5.551,-1.02,908.691,19.258,-1.223
ut_effort_f_18-wheeze-sigh,effort,1.211,589.164,1351.74,3453.821,4051.403,5788.631,6808.214,389.169,220.7,489.08,489.077,75.759,209.375,932.953,581.184,1155.416,2022.23,5160.574,1342.882,107.774,9.907,10.878,6.91,1222.392,14.316,-2.639
ut_effort_f_19-sigh,effort,0.889,476.333,1404.325,2108.129,3102.789,3465.95,4265.403,431.142,403.21,451.35,464.109,18.978,395.445,556.79,83.882,476.676,1670.344,7584.83,436.585,70.026,12.936,5.413,-0.16,1073.363,16.304,-1.617
ut_effort_f_21,effort,0.549,453.791,1952.49,2690.804,3315.966,5634.133,6349.305,148.989,149.59,148.11,149.587,9.917,148.113,36.862,0.0,453.72,1300.914,3621.842,294.055,87.183,14.576,5.981,-0.81,1179.551,14.836,-1.399
ut_effort_f_23-roar,effort,1.686,866.58,1310.132,1757.998,2464.495,3084.953,4061.725,199.643,210.51,395.73,418.831,65.63,96.75,911.34,99.038,1125.055,1426.809,1831.653,1223.556,101.315,13.938,7.269,2.55,930.14,18.814,-1.458
ut_exams_00-achievement-relief-roar-m,joy,2.725,500.36,1078.413,2238.381,3420.716,4514.97,5030.531,260.668,315.13,438.14,438.139,29.887,98.917,1114.404,327.098,455.741,639.76,1164.395,498.498,164.976,7.891,20.907,4.21,1815.72,9.638,--undefined--
ut_exams_01-relief-triumph-m-tone,joy,0.528,604.858,1211.232,3510.957,4342.836,5269.177,6035.335,312.334,300.47,480.43,480.43,65.143,194.15,1835.537,282.782,585.338,709.859,1676.799,636.231,106.913,19.875,5.379,5.67,969.205,18.056,-2.143
ut_exams_04-m-relief-sigh,joy,0.943,693.839,1162.452,2232.199,3500.338,4692.124,5675.847,215.016,214.42,183.41,230.857,13.542,183.409,266.171,55.032,813.248,2017.456,7333.201,679.213,93.685,10.075,9.299,2.24,909.939,19.232,-2.086
ut_exams_05-f-laugh,joy,2.01,719.45,1336.078,3013.59,4136.101,4798.558,5541.118,354.074,274.39,364.58,442.377,30.693,207.959,408.705,387.373,701.056,900.684,1456.086,685.124,239.243,7.462,32.062,10.09,1033.976,16.925,-2.320
ut_exams_08-f-sigh-relief,joy,0.938,732.036,1213.55,2891.611,3948.351,4699.2,6031.422,281.243,255.79,252.17,309.295,20.577,251.257,314.252,108.215,783.024,1126.62,1258.24,1214.094,118.177,15.463,7.642,7.83,934.742,18.722,-1.529
ut_exams_10-f-short-laugh,joy,1.675,596.875,1206.119,1871.459,2582.515,3519.227,5685.932,294.528,376.09,236.41,427.483,69.852,114.367,551.394,448.218,634.504,1140.15,2349.913,585.643,161.051,15.817,10.182,4.11,1061.272,16.49,-2.163
ut_exams_13-m-sigh-relief,joy,2.268,476.743,1153.797,2351.16,3335.087,4213.321,5193.785,367.077,365.57,371.99,447.595,20.427,158.821,471.354,451.906,409.207,753.919,1272.716,405.187,132.942,14.55,9.137,5.87,1051.133,16.649,-1.380
ut_exams_15-c-sigh-laugh,joy,1.01,533.973,1453.049,2198.445,2758.971,3420.076,4667.638,306.325,245.76,366.85,381.744,88.201,245.763,412.04,0.0,530.001,1163.635,3244.082,518.37,167.908,12.876,13.04,1.9,981.063,17.838,-1.757
ut_exams_18-m-tone-triumph,joy,0.87,674.568,1383.405,2795.362,3558.105,4393.601,5074.617,343.859,234.81,356.03,418.448,18.204,234.808,420.326,397.765,548.606,685.424,898.432,687.317,131.741,20.103,6.553,13.15,1112.017,15.737,-2.980
ut_exams_19-m-sad-sigh,joy,0.669,586.022,1207.905,2512.078,3978.901,5196.53,6955.005,155.698,93.1,164.94,268.574,62.991,93.097,742.453,265.624,366.599,629.018,992.153,669.084,123.643,11.209,11.031,8.01,774.121,22.606,-1.658
ut_exams_20-f-happy-sigh,joy,1.25,662.689,1308.376,3137.274,4232.219,5098.15,5524.785,398.617,123.15,348.86,454.4,35.834,123.147,426.556,340.076,883.617,1284.893,1603.864,1293.898,99.488,15.202,6.544,7.7,1126.844,15.53,-1.731
ut_fear-bungee_00,fear,0.941,874.263,2376.604,3451.153,4343.893,4806.863,5622.919,315.497,332.48,446.59,446.591,86.543,125.585,1543.057,1214.522,960.09,1667.514,2293.359,2160.571,111.98,15.934,7.028,10.45,677.291,25.838,-2.973
ut_fear-bungee_02,fear,2.474,1091.46,1959.606,3245.38,3886.766,4364.835,5416.204,321.199,207.9,304.03,386.822,84.207,151.32,630.635,589.717,1104.013,1469.835,2020.936,1113.688,91.418,20.814,4.392,6.62,828.594,21.12,-3.111
ut_fear-bungee_08,fear,2.163,1079.796,1361.876,1713.775,2865.142,4392.725,5005.926,308.131,443.41,118.51,472.329,24.734,94.594,1271.2,1228.489,1238.14,1423.348,1680.906,1320.925,57.135,21.266,2.687,9.31,742.707,23.562,-5.808
ut_fear-bungee_11,fear,3.655,894.564,1522.329,2858.096,3802.897,5844.113,8827.224,372.871,85.55,432.86,487.555,61.47,85.554,973.018,945.521,906.643,1191.763,1631.118,962.932,95.496,18.603,5.133,2.84,922.724,18.966,-3.021
ut_fear-bungee_20,fear,1.971,1253.519,1872.155,2466.882,3228.865,3692.747,4867.989,384.1,296.13,421.59,431.531,12.899,271.352,328.154,320.68,1241.125,1437.061,2669.902,1242.844,49.969,17.254,2.896,16.98,673.394,25.988,-4.750
ut_fear_00,fear,1.908,1434.288,3025.548,4265.32,4708.32,6717.269,7787.131,365.514,279.99,271.79,483.48,61.315,126.463,1072.383,975.699,1206.922,1413.405,1660.657,1429.268,125.209,19.917,6.287,8.53,783.564,22.334,-3.229
ut_fear_07,fear,1.958,1084.6,1478.01,2739.312,3391.989,4256.908,5315.515,400.699,376.23,443.83,475.417,75.994,261.307,424.068,381.575,1422.336,1878.088,3206.611,1534.253,122.299,18.127,6.747,11.65,845.038,20.709,-3.931
ut_fear_20,fear,2.8,1070.892,1879.382,3073.377,3574.54,4614.847,5294.155,396.913,181.5,300.49,490.576,19.003,124.271,929.671,824.545,1265.404,1767.421,2061.315,1830.354,144.403,19.464,7.419,14.96,761.882,22.969,-5.601
ut_fear_23-scream-laugh,fear,2.537,1302.057,2159.885,4047.15,6338.317,7122.476,9998.42,352.104,378.39,349.62,473.11,12.927,130.526,796.353,644.474,1317.496,1580.066,2238.16,1270.624,132.17,16.555,7.984,7.77,815.819,21.451,-2.802
ut_fear_26,fear,1.424,1148.138,1535.697,2155.779,3423.844,4072.47,4409.715,361.568,444.49,217.41,447.417,2.126,187.683,530.955,487.526,1497.063,2035.452,2447.303,2046.122,106.814,17.2,6.21,8.35,897.653,19.495,-3.774
ut_fear_29-f-scream,fear,2.468,1241.533,1651.259,1870.139,3500.197,4768.458,5484.232,404.244,458.83,403.46,471.67,13.369,196.971,502.878,496.242,1634.11,2260.847,3828.5,1868.676,74.033,16.005,4.626,10.88,839.962,20.834,-4.574
ut_fear_33-f-scream,fear,0.527,1207.661,2387.234,2553.552,4766.363,5045.573,7029.571,275.86,364.57,185.61,416.429,50.96,152.677,1482.71,1290.742,2398.141,3214.864,4868.711,2527.322,107.076,13.275,8.066,10.67,716.487,24.425,-4.868
ut_fear_38-f-scream,fear,2.422,1004.413,1852.732,2209.504,2460.9,3811.157,4127.121,359.154,441.62,461.89,495.149,16.988,80.339,1137.012,1049.908,2222.644,2557.466,4204.542,2204.039,95.517,17.547,5.444,11.43,775.532,22.565,-3.783
ut_fear_41-f-scream,fear,0.792,1092.062,1490.127,2992.248,3718.876,6559.562,7549.516,202.152,244.74,210.35,371.179,81.582,87.068,1055.252,953.817,1292.991,1481.57,1646.249,1479.356,84.084,19.576,4.295,7.89,800.454,21.863,-4.207
ut_fear_44-m-scream,fear,2.006,921.671,1210.937,1898.423,3058.099,3742.519,4375.967,369.118,356.02,386.11,491.696,53.14,191.746,1143.753,1074.203,999.942,1226.709,1778.875,1231.658,120.507,16.698,7.217,10.31,901.826,19.405,-4.478
ut_fear_45-m-roar,fear,1.414,536.744,1030.366,2522.796,3294.395,4705.235,5235.09,303.103,301.03,184.29,477.714,56.644,118.503,741.352,603.001,431.487,715.165,1136.677,403.163,91.227,18.039,5.057,6.11,1063.619,16.453,-2.040
ut_fear_47-m-with-disgust,fear,2.108,489.232,1195.778,3598.232,4855.443,6146.947,6809.991,322.697,209.55,438.26,458.251,57.95,112.887,457.598,406.326,413.353,761.805,1446.045,398.558,148.747,15.656,9.501,3.97,1038.33,16.854,-1.213
ut_fear_49-m-scream,fear,0.941,1021.114,2039.19,2925.879,3560.695,6349.264,7132.247,382.962,459.18,360.29,481.83,72.39,263.37,882.242,828.988,1065.02,1604.744,2310.94,1020.662,112.304,14.34,7.832,7.34,945.401,18.511,-2.533
ut_fear_51-m-scream,fear,1.495,786.44,1365.162,2281.054,3203.354,4817.999,5510.53,300.865,182.83,391.85,397.861,8.435,182.825,1250.345,889.442,790.268,1108.368,1558.113,785.03,82.404,19.401,4.247,2.42,716.508,24.424,-1.642
ut_fear_53-f-scream,fear,1.316,942.323,1236.341,2476.783,3215.152,3723.168,4968.596,407.686,309.96,405.82,421.464,47.189,309.957,123.451,110.856,1127.476,1251.85,1581.208,1238.835,135.768,21.649,6.271,15.21,656.775,26.645,-5.745
ut_fear_57-m-tone,fear,1.23,559.021,1134.865,2258.934,3128.949,4902.74,5827.783,280.594,170.05,175.4,373.857,50.307,170.049,384.463,353.746,465.504,750.752,1360.41,342.168,110.339,15.85,6.961,12.04,1018.541,17.181,-2.060
ut_fear_61-f-scream,fear,0.491,1114.035,1360.16,1884.09,2709.048,3279.439,3997.17,370.029,355.59,440.6,446.755,85.683,147.233,1268.196,1061.774,1281.048,1541.561,2834.594,1306.062,78.74,17.313,4.548,8.69,761.99,22.966,-3.420
ut_fear_63-m-scream,fear,0.784,695.55,1235.301,2620.691,3438.834,4521.724,5586.226,303.485,267.03,168.2,414.252,36.135,151.989,1307.212,913.381,715.433,1228.461,3682.294,678.986,93.254,14.66,6.361,6.15,986.951,17.731,-2.666
ut_fear_64-f-scream,fear,0.53,1010.112,1609.683,2812.657,3397.839,4802.063,6154.635,219.311,106.41,115.37,352.25,26.078,106.415,1402.627,846.267,1409.558,1751.849,2544.561,1562.755,58.181,18.854,3.086,1.74,801.816,21.825,-2.174
ut_fear_66-f-scream,fear,0.432,1063.641,2049.392,3402.348,3951.752,4220.745,5622.254,332.348,337.38,153.61,459.015,24.32,153.609,1186.037,951.107,1549.762,1994.255,2443.392,2080.153,95.181,12.722,7.482,11.25,473.409,36.966,-5.310
ut_laugh-amused_02-f,amusement,5.881,678.71,1177.176,1815.671,2771.384,3700.665,4659.737,301.728,137.44,410.1,476.117,96.307,99.449,772.692,766.79,663.688,1039.629,1996.418,655.247,168.844,13.604,12.412,3.29,1009.47,17.336,-1.940
ut_laugh-amused_05-f,amusement,1.341,573.697,1082.537,1707.991,3146.357,3886.611,4666.447,271.299,146.76,143.99,434.421,83.419,143.99,623.333,579.879,554.641,966.224,1281.307,1066.979,209.771,7.827,26.8,10.67,1052.175,16.632,-2.388
ut_laugh-amused_06-f,amusement,2.691,1006.062,1408.132,2427.884,3126.616,3704.393,6432.589,363.129,398.27,257.58,480.524,60.129,107.268,582.694,560.396,1279.158,1550.292,2185.708,1328.409,148.005,15.236,9.714,5.92,796.907,21.96,-2.524
ut_laugh-amused_09-f,amusement,2.597,666.093,1710.453,3049.094,3973.251,4955.572,6914.457,368.676,338.34,136.04,490.919,39.526,129.156,515.276,508.934,436.776,708.928,1132.695,394.029,196.073,13.479,14.547,8.82,1100.835,15.897,-1.534
ut_laugh-amused_12-m,amusement,1.851,876.921,1696.02,2687.91,3660.982,4834.513,5728.075,339.407,343.29,120.94,460.124,54.968,120.94,943.558,675.677,1059.551,1675.063,2445.17,918.982,161.946,12.968,12.488,3.31,951.287,18.396,-2.140
ut_laugh-amused_13-m,amusement,1.327,579.977,1241.008,2663.485,4150.17,5056.051,6124.725,174.342,169.43,195.66,225.483,37.964,105.562,374.225,332.177,562.419,1277.681,2676.762,448.62,213.017,13.185,16.156,2.39,988.212,17.709,-1.539
ut_laugh-amused_20-m,amusement,1.568,514.363,1558.346,2539.26,4188.46,4905.47,5444.556,261.303,372.2,401.75,401.753,98.967,161.664,399.635,383.716,507.837,738.951,1861.515,506.609,150.518,14.346,10.492,10.02,983.053,17.802,-2.634
ut_laugh-amused_21-m,amusement,2.909,572.855,1117.951,2401.402,3233.289,3728.317,4436.86,324.02,172.45,469.4,486.695,29.671,104.242,541.122,524.945,727.593,1303.062,2869.373,1059.04,188.394,15.47,12.178,4.43,1070.542,16.347,-2.390
ut_laugh-amused_28-f,amusement,5.802,1235.15,1655.85,3485.173,4149.772,8641.535,9392.286,247.282,238.27,82.48,397.74,43.302,82.484,388.207,248.419,1279.532,1631.607,2495.985,1235.615,206.897,10.773,19.206,3.18,1215.34,14.399,--undefined--
ut_laugh-amused_31-m,amusement,2.356,451.51,1565.934,3461.897,4769.321,5340.336,6682.361,344.995,370.1,383.09,459.542,76.326,145.802,539.822,529.556,388.369,650.91,1640.094,358.699,252.16,13.581,18.567,2.43,925.829,18.902,-1.304
ut_laugh-amused_32-f,amusement,1.392,743.202,1615.35,3641.442,4036.592,4872.321,6213.086,355.209,381.51,410.34,447.79,7.204,289.545,623.589,570.45,739.85,871.489,2130.47,750.63,272.258,14.012,19.43,11.28,927.813,18.862,-2.971
ut_laugh-amused_35-m,amusement,8.075,613.643,1600.789,2889.723,4135.703,4816.307,5955.873,296.431,95.47,285.05,457.949,77.273,95.475,486.14,433.646,1139.044,1828.357,3441.773,1641.145,281.49,9.907,28.413,2.24,1017.382,17.201,-1.464
ut_laugh-amused_39-m,amusement,1.301,532.975,1719.563,2362.414,3121.233,3666.55,4698.402,136.858,150.93,140.77,165.143,72.892,81.508,282.793,226.372,457.969,675.382,2177.343,510.726,176.411,8.841,19.953,3.84,1085.07,16.128,-1.803
ut_laugh-amused_41-f,amusement,1.769,699.299,1297.765,2351.837,4515.875,5154.196,5657.101,327.878,272.92,333.68,469.108,32.077,166.914,804.829,488.87,697.926,1169.688,3237.647,684.74,243.369,9.328,26.089,5.45,889.054,19.684,-2.183
ut_laugh-amused_45-m,amusement,2.818,757.22,1542.514,2411.934,3122.361,3855.004,5269.042,290.173,319.91,179.05,416.258,79.663,118.552,771.415,702.891,720.913,974.698,2044.587,759.582,229.876,12.242,18.778,5.58,1047.72,16.703,-1.760
ut_laugh-amused_46-m,amusement,1.62,704.164,1268.515,2032.017,2650.565,4693.681,5312.15,164.617,311.64,166.1,311.642,1.859,102.316,378.698,326.755,672.095,981.445,2077.644,712.367,271.652,8.641,31.438,3.04,917.976,19.064,-1.425
ut_laugh-amused_48-f,amusement,0.745,529.644,1955.965,3174.583,4482.775,5308.528,6885.887,335.47,336.03,196.75,415.901,28.783,196.755,743.769,664.049,416.453,717.316,1633.443,400.425,141.219,9.394,15.033,8.84,1216.253,14.388,-2.245
ut_laugh-amused_49-f,amusement,1.242,894.256,1683.419,2796.57,3661.755,5525.225,6394.407,340.35,445.63,119.02,470.659,82.969,119.021,984.29,918.034,895.09,1441.022,2321.074,924.948,173.237,10.467,16.55,4.67,1050.93,16.652,-1.964
ut_laugh-amused_53-f,amusement,3.402,873.092,1799.573,2673.748,3284.789,3881.821,5191.347,372.617,352.4,360.34,488.823,47.417,200.171,752.867,704.443,893.675,1141.385,2107.24,873.106,266.262,13.229,20.127,8.83,976.14,17.928,-2.903
ut_laugh-malice_00,amusement,5.443,874.038,1343.755,4007.277,5072.683,7501.189,9288.573,387.077,426.06,469.65,470.751,32.42,129.401,827.563,781.927,876.782,1269.533,1713.836,931.027,243.604,12.125,20.092,6.15,861.067,20.324,-2.063
ut_laugh-malice_03,amusement,3.004,830.739,1433.319,2550.629,3064.774,4810.324,6234.59,378.115,416.56,419.64,460.305,53.781,155.882,938.757,868.785,769.072,1180.58,2111.021,894.485,138.676,15.645,8.864,4.4,914.694,19.132,-1.935
ut_laugh-malice_11,amusement,7.184,1000.052,1704.952,2729.592,4057.987,4695.268,6562.586,309.53,140.35,345.83,453.941,57.119,140.351,466.282,300.102,1128.436,1810.31,3536.971,962.795,226.901,13.155,17.249,-0.06,829.582,21.095,-1.112
ut_laugh-malice_12,amusement,6.008,671.419,1385.601,2755.939,3494.772,5469.114,5902.243,274.761,284.46,170.75,333.911,67.965,168.527,146.993,127.391,716.673,1410.381,2591.932,584.223,213.772,10.153,21.055,1.64,1002.023,17.465,-1.127
ut_laugh-malice_18,amusement,2.698,926.27,1303.341,2831.98,3857.048,4824.323,5855.799,303.228,291.87,468.29,469.913,18.887,87.851,954.508,856.618,1108.106,1698.116,5332.308,1068.911,126.119,16.307,7.734,5.8,961.828,18.195,-2.974
ut_laugh-malice_19-m,amusement,1.556,807.801,1153.775,3195.904,3914.13,4988.674,5544.124,349.645,166.73,460.72,474.414,89.154,139.793,1095.566,1031.519,786.403,1004.43,1363.684,955.5,162.739,15.741,10.338,7.64,883.415,19.809,-1.888
ut_pain_00,pain,1.112,839.869,1210.436,2555.978,3846.962,4562.394,5771.151,317.593,191.71,140.55,423.739,32.567,106.57,1713.587,1254.379,879.984,1166.421,2060.715,817.984,99.704,13.941,7.152,7.09,913.248,19.162,-2.442
ut_pain_03,pain,0.98,756.289,1072.629,2656.991,3228.453,3680.334,5290.496,198.751,271.58,84.15,279.272,8.211,84.148,243.704,206.328,923.786,1964.706,2955.62,1052.699,80.367,18.361,4.377,2.22,943.67,18.545,-2.217
ut_pain_05,pain,1.202,844.582,1192.482,2642.051,4509.996,5209.691,6800.692,227.844,109.88,188.1,396.673,32.74,105.141,474.179,438.302,938.434,1195.51,1898.06,1131.908,71.045,21.209,3.35,0.75,837.078,20.906,-1.738
ut_pain_07,pain,0.984,909.767,1576.274,2786.384,3140.2,3916.544,4649.069,116.25,86.37,86.59,226.815,84.701,86.372,615.495,346.175,1043.431,1394.74,1696.438,1565.01,76.412,11.686,6.539,4.64,929.929,18.819,-2.151
ut_pain_12,pain,1.086,907.821,2207.628,3312.902,4520.973,5965.77,6761.606,361.065,319.79,352.44,449.525,42.49,147.769,1313.326,937.858,1554.28,2031.217,2250.329,2233.386,97.096,17.952,5.409,7.14,636.897,27.477,-2.856
ut_pain_18-birth,pain,1.344,883.633,1325.643,2366.397,2958.655,3633.626,5514.751,327.425,320.58,287.06,447.621,42.661,133.882,589.856,461.313,1219.091,1364.422,1666.844,1299.068,128.005,15.254,8.391,8.36,701.794,24.936,-3.263
ut_pain_25-birth,pain,4.878,834.548,1387.941,2358.523,3018.339,3565.35,4463.352,350.081,297.43,237.11,491.158,32.851,86.861,888.346,872.721,982.37,1849.18,2873.047,968.596,59.041,20.808,2.837,3.18,887.562,19.717,-1.616
ut_pain_31-birth-2-scream,pain,3.702,1405.666,2108.216,2350.574,3634.582,4992.213,5949.009,348.604,409.76,286.19,494.386,84.343,121.657,571.728,561.9,1446.045,1985.045,2671.773,1428.316,97.036,16.343,5.937,9.3,785.77,22.271,-3.622
ut_pain_31-birth-4-whimper,pain,1.247,815.14,1741.996,3009.516,4573.772,5656.427,6453.405,392.23,366.72,381.1,473.532,77.549,285.917,490.256,433.616,806.389,946.673,1607.549,771.523,154.204,13.231,11.655,12.82,1012.472,17.284,-4.214
ut_pain_32-birth,pain,1.569,673.941,1321.433,1983.352,2729.823,3303.84,4099.496,334.106,264.95,335.61,391.484,10.266,264.951,203.08,161.158,1253.008,1690.062,3366.775,1328.682,109.278,14.662,7.453,17.69,933.831,18.74,-3.935
ut_pain_34-birth,pain,2.608,1045.286,1878.003,3294.189,3731.303,5088.296,5618.704,392.403,258.88,95.02,481.209,14.779,87.35,466.89,424.624,1768.158,1984.177,3092.134,1893.133,90.383,17.062,5.297,18.57,888.098,19.705,-5.776
ut_pain_36-birth,pain,2.678,818.037,1388.672,2737.907,3418.781,4221.861,4943.763,326.328,434.21,128.2,435.356,5.755,101.44,754.634,742.412,875.595,1256.719,1483.95,1414.386,146.11,14.374,10.165,10.7,874.422,20.013,-3.056
ut_pain_39-birth,pain,0.746,1118.404,1720.69,2248.251,3438.637,4089.892,6305.244,323.434,278.11,436.76,436.758,97.737,263.71,368.018,304.705,1097.989,1387.367,1895.24,1152.561,85.918,17.432,4.929,14.83,951.068,18.4,-3.122
ut_pain_42-birth,pain,1.2,841.874,1403.434,1691.745,2713.451,3496.891,5035.332,301.448,226.17,371.97,448.655,7.873,111.335,1212.569,1120.056,977.886,1462.094,1781.396,1701.877,97.208,13.749,7.07,9.23,884.207,19.792,-3.319
ut_pain_45-birth,pain,1.78,597.726,1283.686,2812.078,3950.398,5180.634,6224.571,305.1,250.05,309.42,437.695,56.139,228.203,323.817,280.002,581.295,853.948,1269.468,1301.144,99.16,17.697,5.603,10.63,1049.125,16.681,-2.004
ut_pain_47-birth,pain,4.768,816.969,1281.191,1906.816,2555.317,3224.472,3824.891,325.258,273.14,360.36,474.82,91.877,140.668,283.282,261.104,1226.98,1783.754,2747.861,1275.668,93.991,19.191,4.898,17.2,892.865,19.6,-4.458
ut_pain_50-birth,pain,2.656,837.34,1393.385,1773.793,3672.847,4426.955,5431.954,290.144,349.42,415.17,464.677,16.911,78.797,902.707,874.891,1052.381,1485.837,1891.347,1781.164,115.507,15.626,7.392,12.52,865.422,20.221,-4.197
ut_pain_51-birth,pain,0.562,792.105,1627.999,2762.052,3758.946,4965.397,5923.395,378.62,384.0,313.43,414.296,40.273,313.427,303.597,186.044,792.52,1201.207,1654.877,807.24,131.139,13.34,9.831,11.87,903.017,19.379,-2.787
ut_pain_54-birth,pain,3.543,959.157,1401.578,1877.524,2441.193,3131.305,4685.151,379.063,290.01,429.36,491.603,62.56,93.011,462.073,434.87,1325.696,1668.629,2138.144,1362.86,45.566,17.076,2.668,17.57,776.421,22.539,-3.193
ut_pain_55-birth,pain,0.922,712.965,1267.044,3118.73,4717.623,5916.713,7345.942,273.364,126.49,354.61,365.577,25.505,126.486,1422.142,690.687,764.576,1180.546,1869.999,712.965,72.508,15.723,4.612,-0.15,974.847,17.952,-1.076
ut_pain_68-birth,pain,1.541,739.723,1495.624,2827.726,3676.505,4723.768,6137.357,249.448,270.57,106.45,410.367,8.464,104.37,782.923,751.739,680.89,974.863,1595.502,803.977,176.198,10.704,16.461,5.39,1122.059,15.596,-1.522
ut_pain_69-birth,pain,0.883,913.725,1454.563,2465.4,3161.513,4314.19,5876.013,200.498,216.48,144.41,426.0,71.683,100.879,894.078,837.901,735.44,1043.744,1565.935,893.161,93.223,13.025,7.157,3.69,1021.059,17.139,-1.652
ut_pain_71_f_mixed-with-laughter,pain,4.047,1031.8,1320.357,1973.823,2841.51,3283.221,3975.77,351.636,490.61,368.19,490.608,1.764,142.331,682.69,652.129,1225.938,1447.146,2625.26,1353.567,149.933,15.939,9.407,5.38,995.436,17.58,-2.366
ut_pain_74,pain,1.602,904.589,1245.103,1840.181,2794.902,3243.192,3709.572,320.627,374.44,236.71,462.094,27.574,86.921,1010.327,889.16,904.839,1075.519,1813.902,907.247,69.869,15.917,4.39,8.77,969.897,18.043,-2.955
ut_pain_75,pain,1.611,786.522,1201.65,3071.191,3556.531,4736.529,6614.6,282.93,154.11,294.72,410.112,67.771,85.578,1041.715,932.706,848.685,1380.561,3377.278,744.799,85.043,13.343,6.374,4.87,1099.169,15.921,-2.869
ut_pain_79,pain,0.644,767.462,955.646,2563.009,3342.081,5004.198,5945.951,140.919,191.16,76.55,268.643,61.069,76.552,1067.822,690.825,725.97,849.246,1005.933,780.458,91.46,14.762,6.196,4.84,920.885,19.003,-1.782
ut_pain_80,pain,3.609,762.93,1091.853,2601.221,3886.408,4659.967,5219.568,175.42,344.08,190.48,345.42,1.023,76.307,271.246,267.345,766.478,966.36,1309.402,893.302,23.425,24.383,0.961,6.23,860.134,20.346,-1.797
ut_pain_81-1,pain,1.62,796.546,1271.728,2858.891,3846.641,4742.224,5636.907,354.347,324.5,346.79,440.284,17.77,81.767,808.775,744.566,796.157,1213.098,2931.299,840.542,64.554,16.362,3.945,7.79,976.878,17.914,-3.115
ut_pain_82,pain,1.038,1258.309,2532.473,4954.658,7406.696,8409.22,9145.68,348.076,360.23,133.18,435.648,49.15,120.463,670.905,382.326,1057.065,1253.532,1435.113,1278.389,119.05,21.197,5.616,6.44,726.134,24.1,-2.953
ut_pain_83,pain,0.857,666.106,1193.069,2605.112,3862.724,4587.146,5843.344,187.116,202.57,98.39,261.006,16.831,98.388,627.998,252.778,782.03,1723.389,4312.36,683.745,71.673,12.252,5.85,3.35,931.305,18.791,-2.022
ut_pain_88-m-screams-very-acute,pain,4.245,927.815,1799.575,2654.664,3161.259,6104.411,7066.515,299.457,258.87,133.08,456.021,65.476,87.01,1048.44,982.889,919.811,1240.58,1985.34,949.761,132.28,15.784,8.381,3.87,900.093,19.442,-1.811
ut_pain_89-m-scream,pain,0.757,812.035,1319.893,2727.222,3933.48,5176.671,6125.893,388.597,422.63,169.06,465.125,24.472,169.055,537.447,357.52,821.005,1029.505,1816.781,846.885,144.08,13.87,10.388,8.49,954.925,18.326,-2.160
ut_pain_93-m-scream-acute,pain,4.811,805.698,1139.097,1655.393,2461.841,2989.027,3690.217,332.731,167.59,366.5,463.975,6.167,144.132,713.707,687.563,940.955,1164.183,1595.335,1098.115,93.005,15.486,6.006,11.4,862.62,20.287,-2.497
ut_pain_94-m-tone,pain,5.126,776.067,1064.56,1724.915,3188.035,4409.833,5019.762,343.164,306.58,326.51,371.627,9.05,306.576,127.685,22.123,798.03,1047.822,1582.051,1014.517,78.9,1.853,42.569,25.89,2172.667,8.055,--undefined--
ut_pain_96-m-tone,pain,5.654,600.749,1350.987,2597.477,3651.451,5262.292,5976.722,242.709,250.95,180.01,382.6,49.606,85.433,394.556,379.438,557.781,610.481,707.581,601.676,133.818,10.347,12.933,16.67,1041.763,16.798,-1.360
ut_pain_98-m-scream,pain,0.869,853.566,1310.725,2741.917,3127.84,4206.573,5747.949,429.384,408.52,309.31,456.677,13.354,309.309,310.414,269.71,884.768,1180.71,1562.128,884.774,57.918,13.811,4.194,12.98,987.143,17.728,-3.361
ut_pain_99-m-grunt,pain,0.551,647.778,991.148,2346.679,3790.016,4945.328,5498.727,117.204,127.71,101.24,130.498,16.427,99.097,85.555,62.403,587.03,735.476,1031.139,716.904,79.459,10.894,7.294,12.52,855.608,20.453,-1.238
ut_pain_z103-m-sigh,pain,0.539,797.117,1148.438,2884.082,3994.565,4868.092,6440.334,246.977,201.35,201.21,273.6,36.916,201.205,547.838,179.331,764.494,946.767,1206.316,805.912,71.635,12.066,5.937,5.61,1027.212,17.036,-1.182
ut_pregn_04-f-scream-of-delight,joy,3.559,1211.127,1913.113,2327.911,3135.006,4292.371,5071.737,316.982,456.25,315.76,456.251,0.665,92.183,922.448,885.306,1125.333,1416.396,2212.097,1150.464,105.578,21.633,4.88,7.3,802.715,21.801,-3.308
ut_pregn_05-m-roar-laugh,joy,2.546,781.446,1633.544,2408.103,4395.193,4988.142,5551.093,277.307,353.49,204.45,413.593,7.789,107.133,456.313,396.393,883.43,1472.664,1900.229,1632.289,77.963,18.46,4.223,3.03,804.002,21.766,-1.623
ut_pregn_07-f-scream-of-delight,joy,5.929,801.619,1332.958,1982.944,3533.173,4350.134,4965.77,371.498,424.83,323.94,486.742,33.995,176.699,541.44,515.145,929.24,1632.908,2345.974,824.667,118.874,17.119,6.944,12.03,976.43,17.922,-3.169
ut_pregn_11-f-scream-of-delight,joy,1.904,916.193,1869.79,2559.202,3765.544,4689.732,5639.061,449.007,266.56,370.21,475.629,44.592,266.558,255.914,244.463,917.517,1040.721,2016.48,929.604,119.563,15.497,7.715,17.33,779.486,22.451,-4.721
ut_pregn_12-f-scream-crying-delight,joy,4.554,860.291,1569.321,1916.256,3944.172,5890.882,7480.056,340.772,268.22,299.14,490.095,58.34,113.028,490.265,472.578,1141.522,1593.876,1887.361,1902.691,113.158,15.041,7.523,11.78,744.073,23.519,-4.290
ut_pregn_13-f-tone-delight1,joy,1.758,898.934,1468.858,1713.096,2549.248,3382.033,4187.653,414.941,419.51,434.57,436.682,4.547,336.857,245.466,184.314,1520.563,1872.573,2885.936,1701.482,110.406,19.621,5.627,10.91,824.634,21.222,-3.384
ut_pregn_15-f-sigh-delight,joy,0.545,660.658,1284.737,1755.582,2622.11,3393.782,3847.347,245.769,302.46,196.56,322.031,17.309,156.468,460.792,375.028,1045.821,1478.211,3818.269,1262.762,83.101,11.917,6.973,1.48,1080.657,16.194,-2.258
ut_pregn_16-2-f-scream-delight,joy,1.316,1185.137,1953.188,3886.768,5872.464,7268.543,7820.958,364.005,250.01,112.79,493.915,41.839,93.93,662.165,647.669,1420.573,1965.111,2895.53,1968.368,104.188,16.34,6.376,9.95,814.748,21.479,-3.925
ut_pregn_17-f-scream-delight,joy,2.827,936.61,1234.177,2530.983,3016.816,3634.0,4205.126,374.359,336.65,215.03,454.568,3.368,119.345,524.208,507.377,1159.72,1257.28,1421.448,1250.48,86.415,16.978,5.09,18.54,795.16,22.008,-5.285
ut_pregn_18-f-scream-laugh,joy,5.453,754.958,1385.515,1768.052,2600.42,3324.842,4250.071,387.657,421.42,405.38,490.366,7.844,151.858,455.126,405.376,941.714,1575.375,2235.291,1657.576,97.342,20.08,4.848,6.71,968.71,18.065,-3.152
ut_pregn_19-f-scream-delight,joy,1.453,879.381,1177.196,1827.898,2858.731,3745.846,4718.821,422.82,325.52,381.74,478.563,45.097,215.464,546.15,510.204,991.339,1329.72,2190.991,938.565,134.901,17.205,7.841,13.8,936.558,18.685,-4.703
ut_pregn_21-f-cackling-laugh,joy,4.279,903.152,1298.437,1804.148,2769.645,3793.446,4987.349,352.571,350.9,337.4,471.64,60.491,182.442,523.0,504.25,1077.155,1499.524,2462.076,1069.698,157.557,14.488,10.875,5.16,939.571,18.626,-2.499
ut_pregn_21-f-laugh-cry,joy,3.436,716.847,1617.1,2379.253,3078.73,3803.624,5622.668,293.186,312.13,302.85,418.134,6.299,113.528,622.825,564.193,719.344,1227.094,2075.669,777.378,156.633,13.389,11.698,3.7,945.146,18.516,-1.716
ut_pregn_24-f-aawh-a-bit-noisy,joy,1.789,863.53,1316.575,2753.886,3852.411,5254.019,7196.229,185.12,285.75,169.73,285.752,2.596,124.537,165.215,146.034,868.72,1106.711,1329.085,1319.6,80.066,13.975,5.729,8.85,961.718,18.197,-1.352
ut_pregn_26-1b-f-scream-delight,joy,2.471,1170.977,1882.269,2311.569,3822.464,4596.141,5837.662,400.153,250.89,275.97,471.87,56.854,250.885,431.573,418.956,1466.805,1993.894,2842.155,1919.917,114.668,21.247,5.397,11.19,741.564,23.599,-3.564
ut_pregn_27-f-laugh-cry,joy,2.442,793.622,1492.765,2899.38,3935.343,4721.769,5796.556,363.32,353.04,411.02,483.056,88.964,194.872,513.336,501.898,786.956,1025.864,2037.905,809.417,133.718,13.307,10.049,8.15,985.199,17.763,-2.321
ut_pregn_33-f-surprise-intake-of-breath,joy,1.289,807.746,1444.433,2950.361,4012.476,4905.46,6800.803,363.811,265.79,356.12,451.437,50.538,254.476,511.974,112.851,805.463,1140.341,2748.071,794.75,107.515,15.904,6.76,2.59,1014.608,17.248,-2.159
ut_pregn_36-f-laugh-sob,joy,2.226,765.97,1496.388,2300.092,2819.492,3769.039,4528.488,384.553,386.66,494.95,494.953,88.101,104.019,682.708,554.115,727.768,817.938,951.106,777.197,171.972,16.849,10.207,9.59,955.51,18.315,-3.371
ut_pregn_38-f-tone-delight,joy,2.436,962.149,1922.306,2973.543,3933.214,4966.135,6837.247,435.599,432.32,430.23,495.345,37.188,222.31,602.828,525.095,909.681,975.805,1173.433,964.415,140.595,16.833,8.352,19.56,964.621,18.142,-5.159
ut_pregn_41-f-laugh,joy,4.557,872.502,1169.645,1885.411,3183.501,4113.308,5654.08,380.773,285.11,235.87,476.759,95.886,128.162,586.417,575.223,907.284,1159.318,2295.415,831.158,122.306,16.57,7.381,9.03,963.059,18.171,-3.723
ut_pregn_46-2-f-scream-delight,joy,1.165,986.188,1819.076,3199.085,4317.938,5244.664,6337.789,264.849,273.87,179.46,447.03,12.0,103.244,797.465,574.328,1004.162,1161.404,2199.723,1058.48,91.628,15.025,6.098,7.51,1037.373,16.87,-2.876
ut_pregn_50-1-m-surprise-delight,joy,1.191,765.274,1587.12,2791.786,3843.6,4387.802,4959.013,300.617,264.47,294.09,314.258,47.296,264.465,87.596,50.288,443.849,1105.756,1968.925,1536.872,71.523,15.954,4.483,4.74,997.012,17.552,-1.151
ut_pregn_51-1-m-sigh-happy,joy,0.916,896.931,1629.457,2840.495,4088.091,4919.122,5896.258,154.862,187.4,134.68,187.402,15.517,132.002,98.247,54.345,226.15,605.013,1327.304,166.173,61.043,17.46,3.496,4.05,996.322,17.565,-1.053
ut_pregn_51-2-f-whimper,joy,0.75,726.543,1292.423,1850.386,3013.355,4231.989,5179.012,319.198,378.53,320.54,378.528,5.188,282.313,305.794,194.752,721.872,1114.77,1637.641,744.278,109.834,13.337,8.235,6.0,1048.383,16.692,-1.930
ut_pregn_54-1-f-surprise,joy,1.706,462.132,1391.807,2918.527,3438.977,4072.194,4727.93,252.834,266.71,477.81,477.807,83.068,148.33,382.169,117.796,351.565,670.89,1848.184,255.278,74.033,14.951,4.952,5.45,1166.787,14.998,-1.378
ut_sad-cry_00,sadness,2.22,1092.861,1883.592,3674.967,4576.114,5237.139,7903.215,318.34,164.6,293.41,375.159,26.863,164.602,330.452,319.969,924.914,1162.357,1857.564,1076.976,97.469,16.215,6.011,14.43,748.739,23.373,-1.896
ut_sad-cry_03,sadness,1.8,907.371,1908.219,2926.132,3762.083,4747.142,5644.559,401.239,448.0,369.35,479.337,55.883,175.15,683.899,637.76,725.925,1310.329,1877.944,1890.914,139.626,11.944,11.69,16.82,983.846,17.787,-3.402
ut_sad-cry_05-3,sadness,3.358,621.964,1570.972,2233.407,3436.18,4505.679,5171.967,343.061,433.69,304.06,433.688,1.642,278.076,173.878,151.345,1469.073,3092.342,4733.649,4481.08,94.579,13.251,7.138,13.16,1066.661,16.406,-2.735
ut_sad-cry_06-m,sadness,1.691,365.971,1772.231,2527.403,3863.681,4598.094,5364.13,307.299,325.07,322.94,362.682,37.34,110.749,450.575,349.304,337.952,365.897,413.351,348.156,151.751,16.556,9.166,8.6,1119.932,15.626,-1.047
ut_sad-cry_12-m,sadness,3.915,587.054,1465.039,1679.423,2580.856,4379.068,6468.629,244.066,173.27,354.56,439.44,31.831,95.66,547.999,510.606,520.07,985.914,1544.028,568.61,202.591,13.028,15.55,8.28,675.814,25.895,-1.005
ut_sad-cry_16-m,sadness,2.509,659.961,1378.485,3214.225,5893.681,6696.691,7477.336,199.866,268.81,212.5,330.837,4.398,125.8,416.312,410.549,505.268,750.752,1140.302,655.855,91.494,15.942,5.739,11.73,684.221,25.577,-1.435
ut_sad-cry_21-m-super-rapid-breathing,sadness,2.686,313.559,1515.227,2748.682,3273.182,4272.533,4782.869,243.583,384.83,477.09,477.088,69.065,86.526,788.581,352.367,195.699,389.37,3070.149,305.359,192.324,13.591,14.15,2.33,1112.352,15.732,-2.336
ut_sad-cry_23-m,sadness,2.138,332.498,1763.328,2506.928,3708.396,4792.06,5441.494,207.348,313.42,184.47,326.54,11.103,91.599,219.601,193.986,296.057,481.436,2910.168,321.216,89.338,14.734,6.063,9.3,1172.35,14.927,-3.073
ut_sad-cry_28-f,sadness,4.994,571.017,1427.137,1898.859,2671.435,4706.727,5586.568,346.199,393.18,419.93,468.538,17.555,214.369,287.879,265.403,575.197,1185.089,2754.507,563.665,121.52,16.119,7.539,5.83,935.037,18.716,-2.272
ut_sad-cry_30-f,sadness,4.529,557.424,1004.237,1914.606,2976.201,3958.074,4792.995,403.187,453.24,251.81,497.826,24.591,251.812,206.569,200.347,540.923,896.995,1212.032,536.406,45.111,12.697,3.553,27.53,979.738,17.862,-5.692
ut_sad-cry_33-f,sadness,3.701,473.616,1350.463,1826.586,3596.711,5201.092,6767.195,279.809,459.94,263.8,466.364,16.289,94.141,379.416,153.583,457.427,950.103,3461.636,431.03,121.742,14.051,8.664,4.48,1048.785,16.686,-2.108
ut_sad-cry_34-f,sadness,2.164,817.513,1398.484,2943.653,3574.248,4137.476,6253.751,404.832,452.28,267.56,485.673,10.009,267.557,288.481,256.09,818.693,1062.398,2231.092,750.307,100.299,12.938,7.752,15.02,1055.714,16.576,-2.909
ut_sad-cry_37-m,sadness,2.718,470.333,1371.705,2271.116,3075.772,4073.192,4651.582,274.689,400.72,206.13,400.716,2.903,206.126,292.593,249.561,400.019,823.496,1467.902,1369.324,154.731,10.486,14.755,12.05,1040.531,16.818,-1.276
ut_sad-cry_38-f,sadness,2.27,777.084,1678.722,2579.304,3384.851,4235.255,4926.027,354.181,317.47,256.15,481.251,32.18,246.87,565.42,533.481,772.515,1287.26,1893.09,758.686,158.849,12.555,12.653,9.17,969.097,18.058,-2.155
ut_sad-cry_39-m,sadness,5.019,386.704,1626.343,2479.522,3778.92,4689.015,5972.338,335.237,246.43,313.91,462.509,4.007,246.433,214.74,199.628,368.719,1480.688,6141.616,343.71,162.886,8.766,18.581,6.5,1021.418,17.133,-2.781
ut_sad-cry_40-m,sadness,2.302,542.573,1364.399,1864.217,2512.349,4424.807,6551.862,346.281,382.68,296.4,451.531,35.598,254.507,478.689,420.698,619.758,1675.203,3558.608,534.348,148.962,11.944,12.472,4.57,886.601,19.738,-2.121
ut_sad-cry_42-f,sadness,2.617,561.727,1848.889,2280.155,3056.868,4341.305,6144.45,303.182,470.72,404.81,470.72,4.304,94.488,1184.586,1036.505,546.495,1093.441,2633.088,525.691,173.961,11.844,14.687,4.67,1053.697,16.608,-1.814
ut_sad-cry_45-f,sadness,1.544,534.566,1302.437,1672.023,2602.733,3454.648,4140.574,269.83,345.81,269.83,392.718,69.464,112.797,738.51,644.91,523.53,713.818,2152.716,528.339,205.489,11.331,18.135,7.61,1149.093,15.229,-2.270
ut_sad-cry_46-f,sadness,5.508,667.238,1651.262,2508.967,4042.464,4919.45,5765.734,322.169,164.31,451.5,451.501,98.874,99.445,625.474,568.978,687.859,1464.616,1667.96,1646.07,108.872,13.798,7.89,14.58,794.7,22.021,-2.502
ut_sad-cry_48-f,sadness,3.622,793.71,1252.445,1999.262,3340.233,4192.63,5658.833,361.652,418.7,306.99,483.455,25.244,195.404,525.928,490.559,1004.874,1294.601,1639.013,1142.677,137.717,15.046,9.153,11.57,635.094,27.555,-2.271
ut_sad-cry_50-m,sadness,1.585,492.735,1604.744,2587.632,3469.374,3953.231,5451.93,190.376,228.96,121.56,255.606,50.293,116.216,414.948,387.942,336.845,472.134,570.543,499.762,156.106,9.466,16.491,10.2,1147.73,15.247,-1.048
ut_sad-cry_52-f,sadness,1.43,424.388,1529.258,1915.884,2691.61,3664.434,5124.143,258.561,137.81,246.88,353.535,65.602,137.812,296.312,194.842,414.433,1221.729,2007.361,358.068,190.155,9.793,19.418,3.14,795.971,21.986,-1.339
ut_sad-cry_54-m,sadness,1.351,414.164,1328.47,2253.251,3955.437,5765.701,6658.495,221.752,288.74,214.75,288.741,33.721,196.392,366.523,129.453,361.69,695.332,2561.556,438.648,195.289,11.099,17.595,3.21,1097.063,15.952,-1.656
ut_sad-cry_56-m,sadness,3.886,501.544,1469.301,1882.6,2340.585,4727.447,5355.765,458.539,269.4,123.04,493.555,72.822,123.042,200.556,172.939,504.963,1312.553,1589.245,1465.027,78.366,10.938,7.165,20.41,822.1,21.287,-2.503
ut_sex_04-f-breathy-moans,pleasure,4.278,453.896,1804.372,3288.734,4012.984,5726.611,6963.947,290.012,376.54,463.02,463.02,96.656,93.518,667.185,607.973,533.351,1421.114,1830.309,1802.916,149.359,12.389,12.056,6.18,768.405,22.774,-1.453
ut_sex_06-f-effortful-moans,pleasure,4.001,875.948,1409.752,1653.194,2754.288,3660.91,5487.314,332.684,426.43,306.39,480.492,2.952,268.046,637.333,213.8,1015.869,1445.532,1828.492,1488.429,146.703,5.873,24.978,3.16,1812.003,9.658,--undefined--
ut_sex_10-f-moans,pleasure,5.39,837.603,1597.523,3748.526,4952.154,6042.493,6827.848,343.723,188.85,451.41,475.36,97.854,188.845,142.597,135.607,400.976,692.863,965.407,783.229,99.718,14.75,6.761,7.57,1048.165,16.696,-0.968
ut_sex_13-f-orgasm-overdrive,pleasure,6.541,657.457,1434.147,2374.463,3677.299,5683.241,6488.663,308.227,91.16,284.69,490.228,66.422,91.156,506.934,478.043,719.059,1292.891,1522.301,1459.214,152.851,13.376,11.427,6.91,729.64,23.984,-1.634
ut_sex_16-f-breathy-moans,pleasure,2.758,815.608,3172.785,4219.956,4936.943,6849.014,7571.978,358.368,458.68,122.92,476.846,67.557,122.865,531.706,473.023,789.773,1029.24,2296.165,774.503,130.821,14.502,9.021,5.25,1084.275,16.14,-2.223
ut_sex_17-f-orgasm,pleasure,3.664,623.509,1096.845,1651.158,2663.786,3164.055,3867.669,254.493,409.62,90.16,409.619,1.96,86.122,352.805,337.382,665.816,1010.004,1312.075,1032.358,125.335,14.33,8.746,8.09,1002.554,17.455,-2.706
ut_sex_18-f-effortful-moans,pleasure,5.344,608.593,931.921,1561.761,2436.755,3231.793,4036.909,318.316,249.53,297.7,483.84,23.464,81.389,875.077,861.636,534.341,801.129,1266.321,497.59,103.701,16.747,6.192,7.01,1019.106,17.172,-1.787
ut_sex_19-f-mixed-moans,pleasure,6.033,662.522,1537.393,2360.776,3136.66,4527.933,5240.592,313.213,372.69,288.22,475.161,3.253,100.792,458.311,435.25,424.027,710.472,1277.041,294.757,104.713,15.166,6.905,6.31,1016.306,17.219,-1.827
ut_sex_22-f-breathy-moan,pleasure,0.949,1142.161,1544.403,3458.021,4024.24,5916.259,6850.384,363.887,143.6,451.14,451.136,30.185,143.596,1423.797,303.406,1055.42,1425.218,2754.952,1070.083,92.232,13.702,6.731,1.29,944.73,18.524,-1.856
ut_sex_23-f-long-moans,pleasure,4.925,790.412,3088.119,4067.24,5526.002,7092.764,8702.925,258.109,179.08,343.33,390.288,76.474,179.08,201.749,155.478,607.371,1054.323,2570.697,748.064,121.604,14.01,8.68,6.97,1166.678,15.0,-2.632
ut_sex_29-f-orgasm-scream,pleasure,7.399,1036.932,1462.404,3495.959,4202.178,5727.628,8133.83,302.417,275.14,482.42,484.033,52.623,196.084,328.41,150.722,1177.153,1824.633,3534.289,1005.416,106.532,11.488,9.274,10.24,1216.381,14.387,--undefined--
ut_sex_30-f-orgasm-scream,pleasure,1.373,694.804,1117.012,3122.718,3400.59,4172.587,5303.388,243.242,300.37,345.36,441.922,47.278,94.077,947.997,808.552,876.038,1244.557,2594.957,1189.144,78.586,16.749,4.692,3.02,1173.912,14.907,-3.079
ut_sex_36-m-moaning,pleasure,0.986,655.141,1207.105,2613.333,3605.691,4657.398,5274.141,99.521,140.89,77.99,147.994,8.953,77.822,189.733,77.221,761.873,2336.433,4084.815,511.828,61.534,15.718,3.915,1.67,1118.58,15.645,-1.443
ut_sex_47-m-moaning,pleasure,2.022,429.421,918.337,2924.281,4311.978,4774.443,6741.56,204.659,399.09,159.08,399.091,0.753,138.419,445.76,402.616,394.163,451.921,702.693,417.655,98.499,14.834,6.64,13.78,1089.291,16.065,-1.426
ut_sex_48-m-rhythmic-grunts,pleasure,4.922,450.631,1284.588,2676.308,3452.483,4250.677,5316.449,148.867,113.09,140.31,395.508,36.642,113.095,132.889,125.628,353.914,1180.808,3470.186,487.785,104.823,13.916,7.532,-0.36,1038.249,16.855,-1.482
ut_sex_49-m-moaning,pleasure,1.048,418.459,1053.663,2428.618,3355.475,4249.231,4948.37,135.041,139.98,124.89,148.58,19.081,120.251,59.031,33.939,260.378,503.552,1456.59,276.88,55.026,12.876,4.274,7.69,1214.572,14.408,-1.290
ut_sex_56-m-groan,pleasure,1.001,523.19,989.027,2113.821,3267.455,4065.309,4689.432,169.952,445.49,171.83,445.49,4.063,96.761,516.86,460.421,484.821,788.767,1540.477,524.415,67.124,16.977,3.954,10.05,1178.558,14.849,-1.979
ut_sex_58-f-mmm,pleasure,0.681,312.029,1099.926,1915.232,2818.794,3230.365,3856.759,287.879,286.05,266.96,307.453,41.834,258.964,144.364,110.628,296.552,349.839,1189.747,287.316,94.744,14.679,6.454,17.74,1144.678,15.288,-2.949
ut_sex_60-m-grunt-sigh,pleasure,1.659,1513.086,1938.264,3362.97,4417.099,5869.49,7209.053,180.363,197.45,215.29,215.288,87.61,148.41,89.486,67.511,706.471,1608.158,2785.275,145.259,84.294,21.095,3.996,-1.39,949.377,18.433,-1.092
ut_sex_62-m-low-moan,pleasure,1.015,928.941,1721.073,2383.86,3375.295,4674.224,5762.98,277.782,440.37,170.01,465.423,12.272,135.512,620.073,541.468,216.747,413.322,1041.065,193.064,123.463,12.314,10.026,7.34,1066.172,16.414,-1.483
ut_sex_63-m-moans,pleasure,5.822,1336.012,2141.676,3595.223,4467.899,5278.774,6667.805,146.089,170.22,76.4,195.896,39.001,76.404,123.59,113.257,147.356,250.046,808.557,154.559,122.101,13.225,9.233,3.21,977.825,17.897,-0.718
ut_sex_64-m-grunt-sigh,pleasure,1.963,773.632,1785.931,2224.167,3093.409,4742.555,5877.465,166.125,436.5,118.85,436.504,3.545,79.107,772.806,349.821,300.539,801.042,1831.128,136.586,67.174,18.083,3.715,0.26,815.247,21.466,-1.298
ut_sex_68-m-moans,pleasure,9.517,416.465,1450.836,2592.95,3819.442,5737.343,6432.505,252.74,241.58,481.51,481.511,46.554,167.54,362.576,167.605,263.364,414.616,781.27,270.848,121.265,4.991,24.296,5.1,1804.657,9.697,--undefined--
ut_sex_70-m-moan-groan,pleasure,2.208,861.092,1354.34,2497.06,3748.507,5097.4,6799.356,204.223,282.46,218.23,282.46,4.339,116.523,185.456,142.33,223.875,346.643,807.411,222.683,84.773,14.949,5.671,10.4,958.668,18.254,-1.426
ut_sex_72-m-moans,pleasure,8.196,641.092,1379.819,3554.328,5097.222,5779.91,7024.895,270.222,249.35,222.89,360.625,38.842,134.047,243.652,238.852,343.324,608.76,881.232,304.591,133.938,15.434,8.678,9.61,949.063,18.439,-1.166
ut_sportfan_01-achievement-m-roar,joy,1.73,867.96,1339.068,2483.666,3749.917,4664.349,5509.161,198.261,305.39,146.06,305.39,2.358,120.272,304.982,276.346,917.318,1265.609,1775.141,859.911,60.491,20.525,2.947,1.84,764.982,22.876,-2.286
ut_sportfan_03-achievement-m-roar,joy,3.538,734.155,1359.119,2276.021,2931.559,3627.451,4171.575,289.79,264.38,281.08,454.863,88.732,138.997,501.622,474.651,725.744,945.688,1446.301,715.654,100.184,18.796,5.33,4.99,944.667,18.525,-2.648
ut_sportfan_05-m-achievement-relief,joy,0.912,756.215,1213.801,2867.964,4539.888,5353.763,6397.724,294.663,265.9,454.22,467.507,71.226,82.9,967.446,862.351,854.312,1214.401,2103.715,1236.038,87.249,15.898,5.488,4.21,1039.425,16.836,-2.081
ut_sportfan_07-m-achievement-roar,joy,1.091,1017.886,1599.328,2046.564,3084.187,3508.224,5695.748,232.504,141.59,446.61,446.61,98.414,89.576,957.714,591.546,1016.693,1183.536,1648.493,1021.466,83.682,21.548,3.884,2.98,672.442,26.025,-2.599
ut_sportfan_09-m-achievement-roar,joy,2.225,842.993,1368.828,2868.102,3836.912,7470.802,8612.372,328.169,130.79,473.63,491.634,71.143,98.987,904.398,890.184,970.517,1332.467,1925.514,883.583,72.287,22.472,3.217,4.93,956.531,18.295,-2.348
ut_sportfan_11-f-achievement-scream-laugh,joy,1.598,1119.5,1292.202,2469.116,3771.194,4973.039,6267.191,401.217,410.26,392.57,444.918,9.866,217.524,408.995,384.103,1256.208,1651.749,2728.643,1250.044,87.073,18.773,4.638,16.6,698.08,25.069,-4.764
ut_sportfan_13-m-achievement-roar-noisy,joy,1.354,803.87,1185.017,2370.483,3287.81,4402.429,5123.187,240.654,266.2,374.89,418.6,83.529,96.871,1223.256,1059.929,816.929,1032.046,1451.318,780.573,67.521,24.742,2.729,2.77,780.114,22.433,-2.701
ut_sportfan_17-m-achievement-whimper-laugh,joy,2.019,765.526,1350.691,2940.617,3922.004,4472.464,5176.572,276.331,322.61,281.8,358.737,52.165,169.032,387.368,352.861,716.794,871.156,1264.564,651.973,144.13,16.095,8.955,9.45,966.367,18.109,-2.662
ut_sportfan_22-m-achievement-scream-noisy,joy,2.186,1167.186,2264.181,3505.515,4655.844,5915.387,6973.924,368.219,322.61,394.0,471.722,7.509,163.834,678.162,315.088,1136.759,1264.748,2822.935,1164.927,206.335,8.004,25.778,12.17,1745.739,10.024,--undefined--
ut_sportfan_27-m-achievement-roar,joy,1.585,886.712,1236.984,2427.379,3432.25,4354.972,6240.691,331.936,429.96,396.3,435.526,3.187,88.302,469.45,454.927,951.8,1206.725,1629.762,1010.373,67.772,23.033,2.942,1.9,754.668,23.189,-2.250
ut_sportfan_29-c-achievement-scream,joy,0.571,1422.818,1872.399,2831.651,3758.782,4743.65,5606.286,393.06,389.17,409.94,480.981,40.141,238.941,1052.057,897.76,1841.438,2364.982,4022.948,1902.239,32.002,14.886,2.15,8.01,682.831,25.629,-4.469
ut_sportfan_32-f-achievement-scream,joy,0.807,1039.058,1347.083,2703.898,4055.653,4120.275,5465.752,443.534,366.9,422.68,462.294,19.431,366.903,254.509,160.639,1322.904,1390.596,2006.002,1350.99,136.167,13.012,10.465,22.26,732.352,23.896,-5.074
